<?xml version="1.0" encoding="UTF-8"?>
<!DOCTYPE DOC PUBLIC '-//KDE//DTD krita 2.0//EN' 'http://www.calligra.org/DTD/krita-2.0.dtd'>
<DOC xmlns="http://www.calligra.org/DTD/krita" syntaxVersion="2" editor="Krita">
 <IMAGE width="32" profile="sRGB-elle-V4-srgbtrc.icc" y-res="600" mime="application/x-kra" description="" height="32" colorspacename="RGBA" name="columns" x-res="600">
  <layers>
   <layer opacity="255" x="0" channellockflags="1111" nodetype="paintlayer" y="-1" colorspacename="RGBA" visible="1" collapsed="0" compositeop="normal" locked="0" selected="true" uuid="{bc33f3e6-78b2-4881-a7cd-eb7a4a8a3fc5}" name="Layer 3" filename="layer2" channelflags=""/>
   <layer opacity="140" x="0" channellockflags="" nodetype="paintlayer" y="-1" colorspacename="RGBA" visible="1" collapsed="0" compositeop="normal" locked="0" selected="true" uuid="{d5633b79-8f1f-4767-b0f2-585c25a85032}" name="Layer 2" filename="layer3" channelflags=""/>
   <layer opacity="255" x="0" channellockflags="" nodetype="paintlayer" y="0" colorspacename="RGBA" visible="1" collapsed="0" compositeop="normal" locked="0" uuid="{b82af6ec-fdc6-4a51-ac0a-2c3d9d2804b2}" name="Layer 1" filename="layer4" channelflags=""/>
  </layers>
  <ProjectionBackgroundColor ColorData="AAAAAA=="/>
 </IMAGE>
</DOC>
