<?xml version="1.0" encoding="UTF-8"?>
<!DOCTYPE DOC PUBLIC '-//KDE//DTD krita 2.0//EN' 'http://www.calligra.org/DTD/krita-2.0.dtd'>
<DOC xmlns="http://www.calligra.org/DTD/krita" syntaxVersion="2" editor="Krita">
 <IMAGE width="32" profile="sRGB-elle-V2-g10.icc" y-res="600" mime="application/x-kra" description="" height="32" colorspacename="RGBAF32" name="switcher_hold" x-res="600">
  <layers>
   <layer opacity="255" x="21" channellockflags="1111" nodetype="paintlayer" y="2" colorspacename="RGBAF32" visible="1" collapsed="0" compositeop="normal" locked="0" selected="true" uuid="{9b287b90-e906-4205-b7e0-78409b5e03ae}" name="Layer 13(pasted)" filename="layer2" channelflags=""/>
   <layer opacity="255" x="0" channellockflags="" nodetype="paintlayer" y="0" colorspacename="RGBAF32" visible="1" collapsed="0" compositeop="normal" locked="0" uuid="{1f7a2f72-582b-4fa4-bc51-daf7d8fc0edb}" name="wings" filename="layer3" channelflags=""/>
   <layer opacity="148" x="0" channellockflags="1111" nodetype="paintlayer" y="0" colorspacename="RGBAF32" visible="1" collapsed="0" compositeop="screen" locked="0" selected="true" uuid="{64618196-2e3d-4dcb-a0a1-620a346ac27b}" name="Layer 10" filename="layer4" channelflags=""/>
   <layer opacity="255" x="9" channellockflags="1111" nodetype="paintlayer" y="14" colorspacename="RGBAF32" visible="1" collapsed="0" compositeop="screen" locked="0" uuid="{50e17b95-fbfd-4ed8-a3a7-635f5485d2bb}" name="light_smille" filename="layer5" channelflags=""/>
   <layer opacity="122" x="0" channellockflags="1111" nodetype="paintlayer" y="0" colorspacename="RGBAF32" visible="1" collapsed="0" compositeop="dodge" locked="0" uuid="{a2374202-b0c3-410f-ac09-d90878be13e6}" name="light" filename="layer6" channelflags=""/>
   <layer opacity="255" x="0" channellockflags="1111" nodetype="paintlayer" y="0" colorspacename="RGBAF32" visible="0" collapsed="0" compositeop="normal" locked="0" uuid="{4aa56ebe-9248-4349-8309-7ff90aedf3ac}" name="contour_eye" filename="layer7" channelflags=""/>
   <layer opacity="255" x="12" channellockflags="1111" nodetype="paintlayer" y="29" colorspacename="RGBAF32" visible="0" collapsed="0" compositeop="normal" locked="0" uuid="{3eb8e25d-5123-41b0-ba14-4409e79e6caf}" name="skull_smile" filename="layer8" channelflags=""/>
   <layer opacity="255" x="0" channellockflags="1111" nodetype="paintlayer" y="0" colorspacename="RGBAF32" visible="1" collapsed="0" compositeop="normal" locked="0" uuid="{babdad5c-9255-4214-9aaa-aea7eda9cf2a}" name="Layer 3" filename="layer9" channelflags=""/>
   <layer opacity="255" x="0" channellockflags="1111" nodetype="paintlayer" y="0" colorspacename="RGBAF32" visible="1" collapsed="0" compositeop="normal" locked="0" uuid="{ec8a1185-a2f4-4c11-bfd0-280097763aef}" name="Layer 2" filename="layer10" channelflags=""/>
   <layer opacity="255" x="0" channellockflags="" nodetype="paintlayer" y="0" colorspacename="RGBAF32" visible="1" collapsed="0" compositeop="normal" locked="0" uuid="{cf5ed571-0a2b-4daa-86be-2ef9136509aa}" name="Layer 1" filename="layer11" channelflags=""/>
  </layers>
  <ProjectionBackgroundColor ColorData="AAAAAAAAAAAAAAAAAAAAAA=="/>
 </IMAGE>
</DOC>
